<?xml version="1.0" encoding="UTF-8"?>
<metadata xml:lang="en"><Esri><CreaDate>20220120</CreaDate><CreaTime>12304700</CreaTime><ArcGISFormat>1.0</ArcGISFormat><SyncOnce>FALSE</SyncOnce><DataProperties><lineage><Process ToolSource="D:\ArcGIS\Desktop10.0\ArcToolbox\Toolboxes\Data Management Tools.tbx\ChangePrivileges" Date="20130606" Time="155949">ChangePrivileges D:\Database\DirectConnect\EGDB\EGDT7-egd_rls.sde\EGD_RLS.ADVPD_A;D:\Database\DirectConnect\EGDB\EGDT7-egd_rls.sde\EGD_RLS.BUILDING_P;D:\Database\DirectConnect\EGDB\EGDT7-egd_rls.sde\EGD_RLS.COMMU_A;D:\Database\DirectConnect\EGDB\EGDT7-egd_rls.sde\EGD_RLS.EGD_ROAD_L;D:\Database\DirectConnect\EGDB\EGDT7-egd_rls.sde\EGD_RLS.EMRP_MAPS_A;D:\Database\DirectConnect\EGDB\EGDT7-egd_rls.sde\EGD_RLS.FED_A;D:\Database\DirectConnect\EGDB\EGDT7-egd_rls.sde\EGD_RLS.FIRST_NATIONS_A;D:\Database\DirectConnect\EGDB\EGDT7-egd_rls.sde\EGD_RLS.GEO_TWP_A;D:\Database\DirectConnect\EGDB\EGDT7-egd_rls.sde\EGD_RLS.PD_A;D:\Database\DirectConnect\EGDB\EGDT7-egd_rls.sde\EGD_RLS.PD_ADDR_L;D:\Database\DirectConnect\EGDB\EGDT7-egd_rls.sde\EGD_RLS.PD_SEGMENTS_R;D:\Database\DirectConnect\EGDB\EGDT7-egd_rls.sde\EGD_RLS.PD_SLIVER_L;D:\Database\DirectConnect\EGDB\EGDT7-egd_rls.sde\EGD_RLS.SITE_A;D:\Database\DirectConnect\EGDB\EGDT7-egd_rls.sde\EGD_RLS.SITE_P;D:\Database\DirectConnect\EGDB\EGDT7-egd_rls.sde\EGD_RLS.TCL_A;D:\Database\DirectConnect\EGDB\EGDT7-egd_rls.sde\EGD_RLS.TRM_A r_egdm GRANT GRANT</Process><Process ToolSource="D:\ArcGIS\Desktop10.0\ArcToolbox\Toolboxes\Data Management Tools.tbx\DeleteFeatures" Date="20130612" Time="113620">DeleteFeatures D:\Database\DirectConnect\EGDB\EGDT7-egd_rls.sde\EGD_RLS.FED_A</Process><Process ToolSource="D:\ArcGIS\Desktop10.0\ArcToolbox\Toolboxes\Data Management Tools.tbx\DeleteRows" Date="20130617" Time="110130">DeleteRows D:\Database\DirectConnect\EGDB\EGDT7-egd_rls.sde\EGD_RLS.FED_A</Process><Process ToolSource="D:\ArcGIS\Desktop10.0\ArcToolbox\Toolboxes\Data Management Tools.tbx\DeleteRows" Date="20140415" Time="122410">DeleteRows D:\Database\DirectConnect\EGDB\EGDP7-egd_rls.sde\EGD_RLS.FED_A</Process><Process ToolSource="D:\ArcGIS\Desktop10.0\ArcToolbox\Toolboxes\Data Management Tools.tbx\DeleteRows" Date="20150212" Time="131342">DeleteRows \\ec9apegd01\d-drive\Database\DirectConnect\EGDB\EGDP7-egd_rls.sde\EGD_RLS.FED_A</Process><Process ToolSource="D:\ArcGIS\Desktop10.0\ArcToolbox\Toolboxes\Data Management Tools.tbx\Append" Date="20150212" Time="131424">Append \\ec9apegd01\d-drive\Database\DirectConnect\EGDB\EGDP6-egd_mtnc.sde\EGD_MTNC.PD\EGD_MTNC.FED_A \\ec9apegd01\d-drive\Database\DirectConnect\EGDB\EGDP7-egd_rls.sde\EGD_RLS.FED_A TEST # #</Process><Process ToolSource="D:\ArcGIS\Desktop10.0\ArcToolbox\Toolboxes\Data Management Tools.tbx\DeleteRows" Date="20150609" Time="103733">DeleteRows D:\Database\DirectConnect\EGDB\EGDP7-egd_rls.sde\EGD_RLS.FED_A</Process><Process ToolSource="D:\ArcGIS\Desktop10.0\ArcToolbox\Toolboxes\Data Management Tools.tbx\DeleteRows" Date="20150706" Time="130205">DeleteRows D:\Database\DirectConnect\EGDB\EGDP7-egd_rls.sde\EGD_RLS.FED_A</Process><Process ToolSource="c:\program files (x86)\arcgis\desktop10.4\ArcToolbox\Toolboxes\Data Management Tools.tbx\CalculateField" Date="20180112" Time="084429">CalculateField EGD_RLS.FED_A FED_TYPE "[FED_TYPE] =U" VB #</Process><Process ToolSource="c:\program files (x86)\arcgis\desktop10.4\ArcToolbox\Toolboxes\Data Management Tools.tbx\CalculateField" Date="20180112" Time="084848">CalculateField EGD_RLS.FED_A FED_TYPE "[FED_TYPE] =U" VB #</Process><Process ToolSource="c:\program files (x86)\arcgis\desktop10.4\ArcToolbox\Toolboxes\Data Management Tools.tbx\CalculateField" Date="20180112" Time="085057">CalculateField EGD_RLS.FED_A FED_TYPE 1 VB #</Process><Process ToolSource="c:\program files (x86)\arcgis\desktop10.4\ArcToolbox\Toolboxes\Data Management Tools.tbx\CalculateField" Date="20220120" Time="113917">CalculateField FED_CA_2021_EN REPORDER 2013 VB #</Process><Process ToolSource="c:\program files (x86)\arcgis\desktop10.4\ArcToolbox\Toolboxes\Data Management Tools.tbx\CalculateField" Date="20220120" Time="114319">CalculateField FED_CA_2021_FR NUMCF [FED_NUM] VB #</Process><Process ToolSource="c:\program files (x86)\arcgis\desktop10.4\ArcToolbox\Toolboxes\Data Management Tools.tbx\CalculateField" Date="20220120" Time="114440">CalculateField FED_CA_2021_FR NOMFR [ED_NAMEF] VB #</Process><Process ToolSource="c:\program files (x86)\arcgis\desktop10.4\ArcToolbox\Toolboxes\Data Management Tools.tbx\CalculateField" Date="20220120" Time="114529">CalculateField FED_CA_2021_FR NOMEN [ED_NAMEE] VB #</Process><Process ToolSource="c:\program files (x86)\arcgis\desktop10.4\ArcToolbox\Toolboxes\Data Management Tools.tbx\CalculateField" Date="20220120" Time="114627">CalculateField FED_CA_2021_FR DECREPR 2013 VB #</Process></lineage><itemProps><itemName Sync="TRUE">FED_A</itemName><imsContentType Sync="TRUE">002</imsContentType><itemLocation><linkage Sync="TRUE">file://\\W117841\C$\Users\nhinsper\Documents\ArcGIS\OpenCanadaPrep.gdb</linkage><protocol Sync="TRUE">Local Area Network</protocol></itemLocation></itemProps><coordRef><type Sync="TRUE">Projected</type><geogcsn Sync="TRUE">GCS_North_American_1983</geogcsn><csUnits Sync="TRUE">Linear Unit: Meter (1.000000)</csUnits><projcsn Sync="TRUE">PCS_Lambert_Conformal_Conic</projcsn><peXml Sync="TRUE">&lt;ProjectedCoordinateSystem xsi:type='typens:ProjectedCoordinateSystem' xmlns:xsi='http://www.w3.org/2001/XMLSchema-instance' xmlns:xs='http://www.w3.org/2001/XMLSchema' xmlns:typens='http://www.esri.com/schemas/ArcGIS/10.4'&gt;&lt;WKT&gt;PROJCS[&amp;quot;PCS_Lambert_Conformal_Conic&amp;quot;,GEOGCS[&amp;quot;GCS_North_American_1983&amp;quot;,DATUM[&amp;quot;D_North_American_1983&amp;quot;,SPHEROID[&amp;quot;GRS_1980&amp;quot;,6378137.0,298.257222101]],PRIMEM[&amp;quot;Greenwich&amp;quot;,0.0],UNIT[&amp;quot;Degree&amp;quot;,0.0174532925199433]],PROJECTION[&amp;quot;Lambert_Conformal_Conic&amp;quot;],PARAMETER[&amp;quot;False_Easting&amp;quot;,6200000.0],PARAMETER[&amp;quot;False_Northing&amp;quot;,3000000.0],PARAMETER[&amp;quot;Central_Meridian&amp;quot;,-91.86666666666666],PARAMETER[&amp;quot;Standard_Parallel_1&amp;quot;,49.0],PARAMETER[&amp;quot;Standard_Parallel_2&amp;quot;,77.0],PARAMETER[&amp;quot;Latitude_Of_Origin&amp;quot;,63.390675],UNIT[&amp;quot;Meter&amp;quot;,1.0]]&lt;/WKT&gt;&lt;XOrigin&gt;3266364&lt;/XOrigin&gt;&lt;YOrigin&gt;256826&lt;/YOrigin&gt;&lt;XYScale&gt;350&lt;/XYScale&gt;&lt;ZOrigin&gt;-100000&lt;/ZOrigin&gt;&lt;ZScale&gt;10000&lt;/ZScale&gt;&lt;MOrigin&gt;-100000&lt;/MOrigin&gt;&lt;MScale&gt;10000&lt;/MScale&gt;&lt;XYTolerance&gt;0.0057142857142857143&lt;/XYTolerance&gt;&lt;ZTolerance&gt;0.001&lt;/ZTolerance&gt;&lt;MTolerance&gt;0.001&lt;/MTolerance&gt;&lt;HighPrecision&gt;true&lt;/HighPrecision&gt;&lt;/ProjectedCoordinateSystem&gt;</peXml></coordRef></DataProperties><SyncDate>20220119</SyncDate><SyncTime>18393300</SyncTime><ModDate>20220119</ModDate><ModTime>18393300</ModTime></Esri><dataIdInfo><envirDesc Sync="TRUE"> Version 6.2 (Build 9200) ; Esri ArcGIS 10.4.1.5717</envirDesc><dataLang><languageCode value="eng" Sync="TRUE"></languageCode><countryCode value="CAN" Sync="TRUE"></countryCode></dataLang><idCitation><resTitle Sync="TRUE">FED_A</resTitle><presForm><PresFormCd value="005" Sync="TRUE"></PresFormCd></presForm></idCitation><spatRpType><SpatRepTypCd value="001" Sync="TRUE"></SpatRepTypCd></spatRpType></dataIdInfo><mdLang><languageCode value="eng" Sync="TRUE"></languageCode><countryCode value="CAN" Sync="TRUE"></countryCode></mdLang><distInfo><distFormat><formatName Sync="TRUE">File Geodatabase Feature Class</formatName></distFormat></distInfo><mdHrLv><ScopeCd value="005" Sync="TRUE"></ScopeCd></mdHrLv><mdHrLvName Sync="TRUE">dataset</mdHrLvName><refSysInfo><RefSystem><refSysID><identCode code="0" Sync="TRUE"></identCode></refSysID></RefSystem></refSysInfo><spatRepInfo><VectSpatRep><geometObjs Name="FED_A"><geoObjTyp><GeoObjTypCd value="002" Sync="TRUE"></GeoObjTypCd></geoObjTyp><geoObjCnt Sync="TRUE">0</geoObjCnt></geometObjs><topLvl><TopoLevCd value="001" Sync="TRUE"></TopoLevCd></topLvl></VectSpatRep></spatRepInfo><spdoinfo><ptvctinf><esriterm Name="FED_A"><efeatyp Sync="TRUE">Simple</efeatyp><efeageom code="4" Sync="TRUE"></efeageom><esritopo Sync="TRUE">FALSE</esritopo><efeacnt Sync="TRUE">0</efeacnt><spindex Sync="TRUE">TRUE</spindex><linrefer Sync="TRUE">FALSE</linrefer></esriterm></ptvctinf></spdoinfo><eainfo><detailed Name="FED_A"><enttyp><enttypl Sync="TRUE">FED_A</enttypl><enttypt Sync="TRUE">Feature Class</enttypt><enttypc Sync="TRUE">0</enttypc></enttyp><attr><attrlabl Sync="TRUE">OBJECTID</attrlabl><attalias Sync="TRUE">OBJECTID</attalias><attrtype Sync="TRUE">OID</attrtype><attwidth Sync="TRUE">4</attwidth><atprecis Sync="TRUE">0</atprecis><attscale Sync="TRUE">0</attscale><attrdef Sync="TRUE">Internal feature number.</attrdef><attrdefs Sync="TRUE">Esri</attrdefs><attrdomv><udom Sync="TRUE">Sequential unique whole numbers that are automatically generated.</udom></attrdomv></attr><attr><attrlabl Sync="TRUE">SHAPE</attrlabl><attalias Sync="TRUE">SHAPE</attalias><attrtype Sync="TRUE">Geometry</attrtype><attwidth Sync="TRUE">0</attwidth><atprecis Sync="TRUE">0</atprecis><attscale Sync="TRUE">0</attscale><attrdef Sync="TRUE">Feature geometry.</attrdef><attrdefs Sync="TRUE">Esri</attrdefs><attrdomv><udom Sync="TRUE">Coordinates defining the features.</udom></attrdomv></attr><attr><attrlabl Sync="TRUE">FED_NUM</attrlabl><attalias Sync="TRUE">FED_NUM</attalias><attrtype Sync="TRUE">Integer</attrtype><attwidth Sync="TRUE">4</attwidth><atprecis Sync="TRUE">0</atprecis><attscale Sync="TRUE">0</attscale></attr><attr><attrlabl Sync="TRUE">FED_TYPE</attrlabl><attalias Sync="TRUE">FED_TYPE</attalias><attrtype Sync="TRUE">String</attrtype><attwidth Sync="TRUE">4</attwidth><atprecis Sync="TRUE">0</atprecis><attscale Sync="TRUE">0</attscale></attr><attr><attrlabl Sync="TRUE">ED_ID</attrlabl><attalias Sync="TRUE">ED_ID</attalias><attrtype Sync="TRUE">Integer</attrtype><attwidth Sync="TRUE">4</attwidth><atprecis Sync="TRUE">0</atprecis><attscale Sync="TRUE">0</attscale></attr><attr><attrlabl Sync="TRUE">ED_NAMEE</attrlabl><attalias Sync="TRUE">ED_NAMEE</attalias><attrtype Sync="TRUE">String</attrtype><attwidth Sync="TRUE">100</attwidth><atprecis Sync="TRUE">0</atprecis><attscale Sync="TRUE">0</attscale></attr><attr><attrlabl Sync="TRUE">ED_NAMEF</attrlabl><attalias Sync="TRUE">ED_NAMEF</attalias><attrtype Sync="TRUE">String</attrtype><attwidth Sync="TRUE">100</attwidth><atprecis Sync="TRUE">0</atprecis><attscale Sync="TRUE">0</attscale></attr><attr><attrlabl Sync="TRUE">ELCT_CNT</attrlabl><attalias Sync="TRUE">ELCT_CNT</attalias><attrtype Sync="TRUE">Integer</attrtype><attwidth Sync="TRUE">4</attwidth><atprecis Sync="TRUE">0</atprecis><attscale Sync="TRUE">0</attscale></attr><attr><attrlabl Sync="TRUE">ED_CHNG_TYP</attrlabl><attalias Sync="TRUE">ED_CHNG_TYP</attalias><attrtype Sync="TRUE">String</attrtype><attwidth Sync="TRUE">40</attwidth><atprecis Sync="TRUE">0</atprecis><attscale Sync="TRUE">0</attscale></attr><attr><attrlabl Sync="TRUE">SHAPE_Length</attrlabl><attalias Sync="TRUE">SHAPE_Length</attalias><attrtype Sync="TRUE">Double</attrtype><attwidth Sync="TRUE">8</attwidth><atprecis Sync="TRUE">0</atprecis><attscale Sync="TRUE">0</attscale><attrdef Sync="TRUE">Length of feature in internal units.</attrdef><attrdefs Sync="TRUE">Esri</attrdefs><attrdomv><udom Sync="TRUE">Positive real numbers that are automatically generated.</udom></attrdomv></attr><attr><attrlabl Sync="TRUE">SHAPE_Area</attrlabl><attalias Sync="TRUE">SHAPE_Area</attalias><attrtype Sync="TRUE">Double</attrtype><attwidth Sync="TRUE">8</attwidth><atprecis Sync="TRUE">0</atprecis><attscale Sync="TRUE">0</attscale><attrdef Sync="TRUE">Area of feature in internal units squared.</attrdef><attrdefs Sync="TRUE">Esri</attrdefs><attrdomv><udom Sync="TRUE">Positive real numbers that are automatically generated.</udom></attrdomv></attr></detailed></eainfo><mdDateSt Sync="TRUE">20220119</mdDateSt></metadata>
